{
 "note": "replicate-difference noise survey; see autofit/noise.py for the estimator and its corrections",
 "rows": [
  {
   "project": "1-GTA UCl4-graphite one set of U doublets.proj.zip",
   "group": "C1s Scan",
   "n_replicates": 10,
   "kind": "replicate_difference",
   "a": 0.0,
   "b": 18.333151047530038,
   "sigma_global": null,
   "n_pairs": 9,
   "drift_fraction": 0.9585986973000881,
   "pair_shifts_ev": [
    -0.0236444918755329,
    0.05788625138092094,
    -0.041212791596906766,
    -0.02832855076478144,
    0.08749885084878208,
    -0.060227589504844345,
    0.028631026762455505,
    -0.0547776281710095,
    0.03318240634274657
   ],
   "fit_residual_rel": 0.8814844175820874,
   "flags": [
    "drift_dominated: 96% of the pair-difference variance was drift \u2014 the \u03c3(I) fit rests on the residual; treat with caution",
    "negative_intercept_clamped: a=-3.54e+04 -> 0",
    "poor_variance_fit: rel residual 0.88 \u2014 \u03c3\u00b2(I) = a + b\u00b7I may be the wrong family here"
   ],
   "tunables": {
    "n_bins": 12,
    "drift_dominant_fraction": 0.5,
    "local_detrend_points": 31
   }
  },
  {
   "project": "1-GTA UCl4-graphite one set of U doublets.proj.zip",
   "group": "U4f Scan",
   "n_replicates": 10,
   "kind": "replicate_difference",
   "a": 0.0,
   "b": 5.516214313044598,
   "sigma_global": null,
   "n_pairs": 9,
   "drift_fraction": 0.9637305976006145,
   "pair_shifts_ev": [
    -0.11509120745256847,
    0.22383293218235387,
    -0.3328320389047577,
    -0.00737795866049658,
    0.05482138844387766,
    0.08774814927995563,
    -0.10241207929574779,
    -0.20674554520729926,
    0.26268326390341873
   ],
   "fit_residual_rel": 0.6659894378107989,
   "flags": [
    "intensity_assignment_degraded: pair shifts exceed ~2 grid steps \u2014 \u03c3\u00b2(I) is assigned from the ensemble mean, which misassigns flank variance there (measured: b understates ~18% at 6-step shifts); treat b as a lower bound",
    "drift_dominated: 96% of the pair-difference variance was drift \u2014 the \u03c3(I) fit rests on the residual; treat with caution",
    "negative_intercept_clamped: a=-2.47e+04 -> 0",
    "poor_variance_fit: rel residual 0.67 \u2014 \u03c3\u00b2(I) = a + b\u00b7I may be the wrong family here"
   ],
   "tunables": {
    "n_bins": 12,
    "drift_dominant_fraction": 0.5,
    "local_detrend_points": 31
   }
  },
  {
   "project": "4-GTA UCl4-BN.proj.zip",
   "group": "B1s Scan",
   "n_replicates": 10,
   "kind": "replicate_difference",
   "a": 0.0,
   "b": 1.5224772909035182,
   "sigma_global": null,
   "n_pairs": 9,
   "drift_fraction": 0.9587871702188544,
   "pair_shifts_ev": [
    0.011717869033769703,
    0.013857699480536839,
    -0.0016870407557556695,
    0.046073041465180174,
    -0.03759391009336991,
    -0.0431759494999823,
    0.007769590509824024,
    -0.025250938854479824,
    0.03985534367332319
   ],
   "fit_residual_rel": 0.30467005315976586,
   "flags": [
    "drift_dominated: 96% of the pair-difference variance was drift \u2014 the \u03c3(I) fit rests on the residual; treat with caution",
    "negative_intercept_clamped: a=-372 -> 0"
   ],
   "tunables": {
    "n_bins": 12,
    "drift_dominant_fraction": 0.5,
    "local_detrend_points": 31
   }
  },
  {
   "project": "4-GTA UCl4-BN.proj.zip",
   "group": "U4f Scan",
   "n_replicates": 10,
   "kind": "replicate_difference",
   "a": 0.0,
   "b": 2.9546546192419716,
   "sigma_global": null,
   "n_pairs": 9,
   "drift_fraction": 0.9708752957627385,
   "pair_shifts_ev": [
    0.01651038547609719,
    0.019199648210380862,
    -0.007419584409362609,
    0.048267236931656035,
    -0.044284279298371525,
    -0.04136589809748992,
    0.009903180926731042,
    -0.01906340562881737,
    0.036065896692603926
   ],
   "fit_residual_rel": 0.5827309259583758,
   "flags": [
    "drift_dominated: 97% of the pair-difference variance was drift \u2014 the \u03c3(I) fit rests on the residual; treat with caution",
    "negative_intercept_clamped: a=-5.33e+03 -> 0",
    "poor_variance_fit: rel residual 0.58 \u2014 \u03c3\u00b2(I) = a + b\u00b7I may be the wrong family here"
   ],
   "tunables": {
    "n_bins": 12,
    "drift_dominant_fraction": 0.5,
    "local_detrend_points": 31
   }
  },
  {
   "project": "8-JT Graphite.proj.zip",
   "group": "C1s Scan",
   "n_replicates": 10,
   "kind": "replicate_difference",
   "a": 0.0,
   "b": 0.9469519188663588,
   "sigma_global": null,
   "n_pairs": 9,
   "drift_fraction": 0.9978945966484363,
   "pair_shifts_ev": [
    -0.1273698561578061,
    0.06299861254248251,
    0.05672957622746629,
    -0.06111794925030606,
    -0.06280095864290694,
    0.0390778639454251,
    -0.013290856489572775,
    0.0001740454582337562,
    0.028574986261099035
   ],
   "fit_residual_rel": 0.2665439549545222,
   "flags": [
    "drift_dominated: 100% of the pair-difference variance was drift \u2014 the \u03c3(I) fit rests on the residual; treat with caution",
    "negative_intercept_clamped: a=-34.9 -> 0"
   ],
   "tunables": {
    "n_bins": 12,
    "drift_dominant_fraction": 0.5,
    "local_detrend_points": 31
   }
  },
  {
   "project": "B4C-UCl4.proj.zip",
   "group": "B1s Scan",
   "n_replicates": 10,
   "kind": "replicate_difference",
   "a": 0.0,
   "b": 1.2212200060525231,
   "sigma_global": null,
   "n_pairs": 9,
   "drift_fraction": 0.889627269895976,
   "pair_shifts_ev": [
    0.08626624895302387,
    -0.07203686658326845,
    0.016651373512683178,
    -0.008398876922074139,
    -0.04306136186402351,
    -0.05095256833647717,
    0.12573990320728176,
    -0.06674605484489453,
    -0.011053479930298232
   ],
   "fit_residual_rel": 0.27571051089469667,
   "flags": [
    "drift_dominated: 89% of the pair-difference variance was drift \u2014 the \u03c3(I) fit rests on the residual; treat with caution",
    "negative_intercept_clamped: a=-488 -> 0"
   ],
   "tunables": {
    "n_bins": 12,
    "drift_dominant_fraction": 0.5,
    "local_detrend_points": 31
   }
  },
  {
   "project": "B4C-UCl4.proj.zip",
   "group": "U4f Scan",
   "n_replicates": 10,
   "kind": "replicate_difference",
   "a": 0.0,
   "b": 1.3802352112500098,
   "sigma_global": null,
   "n_pairs": 9,
   "drift_fraction": 0.9538645854534693,
   "pair_shifts_ev": [
    0.12827464195173266,
    -0.1199837699796846,
    -9.179535398483898e-05,
    0.011180914627851252,
    -0.01296698090232025,
    -0.06620064222485351,
    0.13714079010612729,
    -0.055559117116239606,
    -0.05176501420322978
   ],
   "fit_residual_rel": 0.31736770203699866,
   "flags": [
    "drift_dominated: 95% of the pair-difference variance was drift \u2014 the \u03c3(I) fit rests on the residual; treat with caution",
    "negative_intercept_clamped: a=-2.74e+03 -> 0"
   ],
   "tunables": {
    "n_bins": 12,
    "drift_dominant_fraction": 0.5,
    "local_detrend_points": 31
   }
  },
  {
   "project": "Cl2p_projfit_test.proj.zip",
   "group": "C1s Scan",
   "n_replicates": 7,
   "kind": "replicate_difference",
   "a": 66477.69500236033,
   "b": 25.035577834046666,
   "sigma_global": null,
   "n_pairs": 6,
   "drift_fraction": 0.9731903343203305,
   "pair_shifts_ev": [
    -0.032231879570983384,
    -0.01649825783387675,
    0.03407856966408399,
    -0.0805043130077216,
    0.018028512289265965,
    0.00630213283745993
   ],
   "fit_residual_rel": 0.8714066452578878,
   "flags": [
    "drift_dominated: 97% of the pair-difference variance was drift \u2014 the \u03c3(I) fit rests on the residual; treat with caution",
    "poor_variance_fit: rel residual 0.87 \u2014 \u03c3\u00b2(I) = a + b\u00b7I may be the wrong family here"
   ],
   "tunables": {
    "n_bins": 12,
    "drift_dominant_fraction": 0.5,
    "local_detrend_points": 31
   }
  },
  {
   "project": "Cl2p_projfit_test.proj.zip",
   "group": "Cl2p Scan",
   "n_replicates": 3,
   "kind": "replicate_difference",
   "a": 0.0,
   "b": 1.7867051718826747,
   "sigma_global": null,
   "n_pairs": 2,
   "drift_fraction": 0.9267191242706501,